﻿<?xml version="1.0" encoding="utf-8" ?>
<hibernate-configuration xmlns="urn:nhibernate-configuration-2.2">
  <session-factory>
    <property name="dialect">NHibernate.Dialect.MsSql2005Dialect</property>
    <property name="connection.provider">NHibernate.Connection.DriverConnectionProvider</property>
    <property name="connection.connection_string">Server=localhost\SQLEXPRESS;initial catalog=quickstart;Integrated Security=True</property>
    <property name="connection.connection_string">Server=localhost;Database=NHibernateQueryService;User Id=queryservice;Password=queryservice;</property>
    
    <property name="show_sql">true</property>
  </session-factory>
</hibernate-configuration>